<?xml version="1.0" encoding="UTF-8"?>
<project-private xmlns="http://www.netbeans.org/ns/project-private/1">
    <editor-bookmarks xmlns="http://www.netbeans.org/ns/editor-bookmarks/2" lastBookmarkId="0"/>
    <open-files xmlns="http://www.netbeans.org/ns/projectui-open-files/2">
        <group>
            <file>file:/C:/Users/50245/Documents/NetBeansProjects/proyect/proyectoo/src/proyecto/menuinicio.java</file>
            <file>file:/C:/Users/50245/Documents/NetBeansProjects/proyect/proyectoo/src/controllers/IniciarUsuarioController.java</file>
            <file>file:/C:/Users/50245/Documents/NetBeansProjects/proyect/proyectoo/src/proyecto/usuario.java</file>
            <file>file:/C:/Users/50245/Documents/NetBeansProjects/proyect/proyectoo/src/proyecto/registro.java</file>
            <file>file:/C:/Users/50245/Documents/NetBeansProjects/proyect/proyectoo/src/modelos/Pelicula.java</file>
            <file>file:/C:/Users/50245/Documents/NetBeansProjects/proyect/proyectoo/src/proyecto/comprar.java</file>
            <file>file:/C:/Users/50245/Documents/NetBeansProjects/proyect/proyectoo/src/conexion/cls_conexion.java</file>
            <file>file:/C:/Users/50245/Documents/NetBeansProjects/proyect/proyectoo/src/controllers/PeliculaController.java</file>
            <file>file:/C:/Users/50245/Documents/NetBeansProjects/proyect/proyectoo/src/controllers/RegistroUsuarioController.java</file>
            <file>file:/C:/Users/50245/Documents/NetBeansProjects/proyect/proyectoo/src/conexion/registro_usuario.java</file>
            <file>file:/C:/Users/50245/Documents/NetBeansProjects/proyect/proyectoo/src/modelos/ModeloRegistroUsuario.java</file>
        </group>
    </open-files>
</project-private>
